# App artifact manifest. Generated by build/stages/stage-artifacts.py record; checked by `stage` and build/verify-ipa.py.
# Columns: kind  dest  bytes  sha256  root  source  provenance
#   kind   resource = copied into the app bundle (dest is relative to Sources/S1Probe/)
#          link     = static archive linked into the app executable (dest is relative to Staged/)
#          source   = adopted Madeira source compiled into the app (dest is relative to Sources/);
#                     the hash is of the unpatched upstream file, the patch is applied after the copy
#          gap      = required by the reference architecture but not built; nothing is staged
#   root   build root the source path is relative to (see the script docstring for defaults)
# Provenance keys (pins: pins.lock; patch series: patches/<target>/series; recipes: docs/BUILDING.md):
#   P1-de     FEX pin + patches/fex, llvm-mingw 20260922 (build/stages/fex.sh); shipped as xtajit64.dll (its [build-id] line carries the pin's commit time: SOURCE_DATE_EPOCH)
#   P2        wine pin + patches/wine-pe, build/stages/wine-pe.sh, without DWARF (build/stages/wine-pe-strip.py); row hash equals build/generated/wine-pe-*.tsv
#   P2-ec     arm64ec ntdll.dll of the same P2 tree (the arm64ec patches only change it); row hash equals build/generated/wine-pe-arm64ec-windows.tsv
#   P3        Madeira pin build/ntdll-unix/build.sh via build/stages/unix.sh + stages/unix-gaps.sh gnutls-config, with patches/madeira-unix and patches/wine-unix applied
#   P4-win32u Madeira pin build/win32u-unix/build.sh via build/stages/unix.sh (patches/madeira-unix virtual-monitor-refresh: MADEIRA_SCREEN_HZ)
#   P4-server reconstructed base + Madeira build/wineserver/build.sh via build/stages/unix-gaps.sh wineserver (patches/madeira-unix real-suspend-safepoint, patches/wine-unix server-ios-*)
#   P4-crypto GnuTLS 3.8.9 / GMP 6.3.0 / Nettle 3.10.1 from Madeira's tracked tarballs via build/stages/unix.sh gnutls; nettle/hogweed hashes depend on UNIX_ROOT
#   nls       wine pin nls/ (tracked data files, the set Madeira app/Madeira/nls ships)
#   P5-dxmt   DXMT pin (3Shain/dxmt) + patches/dxmt-port + patches/dxmt unix slice (build/stages/dxmt-patched.sh unix: build/stages/dxmt-base.sh unix + the hand-ported AIR helpers in build/air-helpers) + LLVM 15.0.7 iOS static libs, combined by build/stages/dxmt-combined.sh as Madeira build/dxmt-ios/README.md does
#   P5-dxmt-pe  the same patched tree's PE DLLs (build/stages/dxmt-patched.sh pe, llvm-mingw 20260922); must match P5-dxmt's unix slot table (150 winemetal unix slots; newLibraryWithSource at 144)
#   P5-winios Madeira pin app/Madeira/Winios/ (the reference's app-side Winios display driver); Winios.m + patches/madeira-winios; WiniosGamepad.c, the controller snapshot Wine's xinput1_*.dll (P2) read through libwin32u_unix.a
#   P5-dxshim Madeira pin app/Madeira/IOSDisplayShim.{h,m}, unmodified: the macdrv_functions table DXMT's winemetal unix side looks up for a CAMetalLayer
#   P6-vulkan-pe DXVK at its pin, unmodified, and vkd3d-proton at its pin + patches/vkd3d-proton, for arm64ec (build/stages/vulkan-pe.sh, llvm-mingw 20260922), marked Wine builtins; staged under Runtime/vulkan/, which a launch set to Vulkan puts first on WINEDLLPATH (decision 0014)
#   P6-gst    winegstreamer's unix side (wine pin + patches/wine-port + patches/wine-unix) prelinked with the static plugin set from the pins.lock gstreamer iOS release (build/stages/gstreamer.sh); one object, one exported symbol
#   P8-steamapi gbe_fork (LGPL-3.0) at the gbe pin + patches/gbe: its regular steam_api for x86-64 and i386 with its static dependencies (build/stages/steamapi.sh, llvm-mingw 20260922); native DLLs under Runtime/steamapi/, which the app copies into a game's folder in place of the game's own (SteamClientKit SteamAPISwap)
#   P9-session app/SessionRoot/playport-session.c (Playport's own) compiled by build/stages/session-root.sh (llvm-mingw 20260922) as a freestanding x86-64 program: the one Wine main process of an app run, which starts every title as its child (decision 0027); in arm64ec-windows so the prefix's system32 has it
#   P10-idevice idevice (MIT) at the idevice pin, its C FFI with the features the app's restart uses, built for aarch64-apple-ios with the pins.lock Rust (build/stages/idevice.sh) and prelinked into one object that exports four calls (app/Sources/Relaunch); its crates are in the run's idevice/crates.tsv
#   P7-reg    app/registry/{system,user}.reg (committed): app/tools/prefix-registry.py applies the WINE_REGISTRY scripts of the staged arm64ec-windows DLLs as wineboot's register_fake_dll would; wine_host.c appends the sections a prefix lacks before the wineserver starts
resource	Runtime/arm64ec-windows/Normaliz.dll	131072	8ba48d221044b9149b36670ad9e209aa123be89474cad947adec5ea30c6997a3	wine-build	build-arm64ec/dlls/normaliz/arm64ec-windows/normaliz.dll	P2
resource	Runtime/arm64ec-windows/WLDAP32.dll	1114112	268302f5f437f6461a05b5b82caf0bb3a33a521f7f17fce786b06b066a5215df	wine-build	build-arm64ec/dlls/wldap32/arm64ec-windows/wldap32.dll	P2
resource	Runtime/arm64ec-windows/X3DAudio1_7.dll	589824	d876cc38e6ed249107c165d3b0f15ab8136a7e3ce0e1d7ead49e26745f1f422f	wine-build	build-arm64ec/dlls/x3daudio1_7/arm64ec-windows/x3daudio1_7.dll	P2
resource	Runtime/arm64ec-windows/XAPOFX1_5.dll	589824	ede28db6d2dcc24f3f96330f1ec63872e7e6b6b3627a62bea1418dbdaace1c9e	wine-build	build-arm64ec/dlls/xapofx1_5/arm64ec-windows/xapofx1_5.dll	P2
resource	Runtime/arm64ec-windows/advapi32.dll	983040	3085044da2e49156d0062fc0e2e6168de359002f00d28f2a32997b6486678a77	wine-build	build-arm64ec/dlls/advapi32/arm64ec-windows/advapi32.dll	P2
resource	Runtime/arm64ec-windows/apisetschema.dll	196608	515f37514dd996b39deb86393ea5fd0c93bcf411e7d591351cc448d6221334b4	wine-build	build-arm64ec/dlls/apisetschema/arm64ec-windows/apisetschema.dll	P2
resource	Runtime/arm64ec-windows/authz.dll	655360	e14227bb5bba62ee127cc21d606626c0a149864d8f8046ec81def667cf29be03	wine-build	build-arm64ec/dlls/authz/arm64ec-windows/authz.dll	P2
resource	Runtime/arm64ec-windows/avifil32.dll	917504	ae35acaea43250bc316a85f91e47cc67856365f7fc6741b2b3527c1e4617a50c	wine-build	build-arm64ec/dlls/avifil32/arm64ec-windows/avifil32.dll	P2
resource	Runtime/arm64ec-windows/avrt.dll	655360	4aaaf09cfb612b634c3cbd29f97f8e67370680090b5b57a19a278031c43a3bbf	wine-build	build-arm64ec/dlls/avrt/arm64ec-windows/avrt.dll	P2
resource	Runtime/arm64ec-windows/bcrypt.dll	983040	e94c296ef0dcc98f2a4263ed4864e7f97d36712ce0320bf1ded07c9ee22f4adb	wine-build	build-arm64ec/dlls/bcrypt/arm64ec-windows/bcrypt.dll	P2
resource	Runtime/arm64ec-windows/bcryptprimitives.dll	589824	c7dbf700e430f7f2a281eed3639bb2cf08587806d121c3bad1ff7f373f3db317	wine-build	build-arm64ec/dlls/bcryptprimitives/arm64ec-windows/bcryptprimitives.dll	P2
resource	Runtime/arm64ec-windows/bthprops.cpl	655360	397f4b454b14103ec24608a7fe84d36751d8887003e8f8ca038c70589327b5a2	wine-build	build-arm64ec/dlls/bthprops.cpl/arm64ec-windows/bthprops.cpl	P2
resource	Runtime/arm64ec-windows/cfgmgr32.dll	655360	06233a30a19541947f2d2f3648b068ed5107fb7f3513f25b44cef8426bb5a66e	wine-build	build-arm64ec/dlls/cfgmgr32/arm64ec-windows/cfgmgr32.dll	P2
resource	Runtime/arm64ec-windows/colorcnv.dll	2359296	82648d7bba2652a27eff802d55ecb14e1d11407e1fa064c7a9b99a30fa2fd88d	wine-build	build-arm64ec/dlls/colorcnv/arm64ec-windows/colorcnv.dll	P2
resource	Runtime/arm64ec-windows/combase.dll	1048576	d38d8b6e5bd975f56c70df962e58b0bc3b22af74aef1c30f48e57b6b282a7c7c	wine-build	build-arm64ec/dlls/combase/arm64ec-windows/combase.dll	P2
resource	Runtime/arm64ec-windows/comctl32.dll	2031616	852e736927cd42c03063f34d548b1d14bcb22cc1151ace17270ce1cfabb22a1f	wine-build	build-arm64ec/dlls/comctl32/arm64ec-windows/comctl32.dll	P2
resource	Runtime/arm64ec-windows/comdlg32.dll	1769472	3c8aa97bd0a3ba2a214e3c23b71457fe9268ac91b7315a1945ff838cde289c34	wine-build	build-arm64ec/dlls/comdlg32/arm64ec-windows/comdlg32.dll	P2
resource	Runtime/arm64ec-windows/coml2.dll	786432	c1bd1f437ab6f82add01fc8980c5392b4e07fac5b41d0eb04e8d1c008114394b	wine-build	build-arm64ec/dlls/coml2/arm64ec-windows/coml2.dll	P2
resource	Runtime/arm64ec-windows/compstui.dll	655360	702ca4bc69ba87545459add71a057ae02e02da1287b11b25bdaf9ee333a2be51	wine-build	build-arm64ec/dlls/compstui/arm64ec-windows/compstui.dll	P2
resource	Runtime/arm64ec-windows/concrt140.dll	720896	0dac4cd992f47e9ab36e895eb1ece8d5407f0afef45eb294532f7e2ba1bad72d	wine-build	build-arm64ec/dlls/concrt140/arm64ec-windows/concrt140.dll	P2
resource	Runtime/arm64ec-windows/credui.dll	786432	f94d56974aa843dc29400e6d475614a0f120dc15e883d2ec300d77d6f52cd109	wine-build	build-arm64ec/dlls/credui/arm64ec-windows/credui.dll	P2
resource	Runtime/arm64ec-windows/crypt32.dll	1507328	c7944b22c71288be48c349868bb98d5fb39a6c9d4bb0b72e76cec68ae812cbd6	wine-build	build-arm64ec/dlls/crypt32/arm64ec-windows/crypt32.dll	P2
resource	Runtime/arm64ec-windows/cryptbase.dll	655360	761ee66c35f117eb3eae98a54ccc8eabc76476b8d8807c902506223537659a20	wine-build	build-arm64ec/dlls/cryptbase/arm64ec-windows/cryptbase.dll	P2
resource	Runtime/arm64ec-windows/cryptnet.dll	655360	ab3094f6e02199478f7065c3ee7810a1bf06c5ef7c5762382f452a20c33af5dd	wine-build	build-arm64ec/dlls/cryptnet/arm64ec-windows/cryptnet.dll	P2
resource	Runtime/arm64ec-windows/cryptui.dll	1835008	2816454db81ca1b75eb483d428582345c39eabd47294c2b3e78b11788c831984	wine-build	build-arm64ec/dlls/cryptui/arm64ec-windows/cryptui.dll	P2
resource	Runtime/arm64ec-windows/d3d10core.dll	1253376	1087b584a71ec2bc3ba403ef3717fe2c5ac2a2b525391b41a7e13e041c9689d8	dxmt-pe	arm64ec-windows/d3d10core.dll	P5-dxmt-pe
resource	Runtime/arm64ec-windows/d3d11.dll	5242880	76a54f6d6c9d436d13b94496ce2a90c466fd28a619f257b1cb58c3c240ea05c1	dxmt-pe	arm64ec-windows/d3d11.dll	P5-dxmt-pe
resource	Runtime/arm64ec-windows/d3d12.dll	851968	dcfdba25633f4f9bb87ef200b814ff37e28ef27423cc89a7a26d9da7d368df1a	wine-build	build-arm64ec/dlls/d3d12/arm64ec-windows/d3d12.dll	P2
resource	Runtime/arm64ec-windows/d3d9.dll	983040	487f11252f0a10e5064ca2bcc29240306a65b10d1d57f7a1c6f72090032d9186	wine-build	build-arm64ec/dlls/d3d9/arm64ec-windows/d3d9.dll	P2
resource	Runtime/arm64ec-windows/d3dcompiler_43.dll	851968	c66859cd69fe171065fab6e2856317a9647a1b98e680356fb46e5d346d9d4ec6	wine-build	build-arm64ec/dlls/d3dcompiler_43/arm64ec-windows/d3dcompiler_43.dll	P2
resource	Runtime/arm64ec-windows/d3dcompiler_47.dll	851968	3ea81e62984888386776db8d1ca2c938389bd174e6dd706ef680c3860e703b7d	wine-build	build-arm64ec/dlls/d3dcompiler_47/arm64ec-windows/d3dcompiler_47.dll	P2
resource	Runtime/arm64ec-windows/d3dx9_43.dll	1507328	7becfd9d21afb2d78f258d2f27b724de246794429b57a8213ee529249d580642	wine-build	build-arm64ec/dlls/d3dx9_43/arm64ec-windows/d3dx9_43.dll	P2
resource	Runtime/arm64ec-windows/d3dxof.dll	851968	c97b1af4a095250591c2c3a9992a956ab0852edb88391c4edebfc8931cadf77d	wine-build	build-arm64ec/dlls/d3dxof/arm64ec-windows/d3dxof.dll	P2
resource	Runtime/arm64ec-windows/dbghelp.dll	1245184	1b9baa3656661e6dc870d3a210090e95265112f9d7f48bf2800de7b869fb442b	wine-build	build-arm64ec/dlls/dbghelp/arm64ec-windows/dbghelp.dll	P2
resource	Runtime/arm64ec-windows/dhcpcsvc.dll	655360	ae06e47c4ee867f791ca2d74dcb8b7b73e76fb5328d14ef6015fb875bf482854	wine-build	build-arm64ec/dlls/dhcpcsvc/arm64ec-windows/dhcpcsvc.dll	P2
resource	Runtime/arm64ec-windows/dinput8.dll	983040	3ed754c0eebafed6f02f03e1d73f38f5228caeecfb1d161e96383dc2ccc17220	wine-build	build-arm64ec/dlls/dinput8/arm64ec-windows/dinput8.dll	P2
resource	Runtime/arm64ec-windows/dnsapi.dll	720896	9bc6319c0208a5b9a742061ed79a566fa330968c90c33309a26b799c2c789a09	wine-build	build-arm64ec/dlls/dnsapi/arm64ec-windows/dnsapi.dll	P2
resource	Runtime/arm64ec-windows/dsound.dll	1048576	575e1fa25f066db39920eef17fdc4a020ce934fe43cb682dd069641f49779525	wine-build	build-arm64ec/dlls/dsound/arm64ec-windows/dsound.dll	P2
resource	Runtime/arm64ec-windows/dwmapi.dll	720896	170695234609c060bb8a79cbe0a8a5812e61a763fe1a24cfe9d8c3f3a318af1f	wine-build	build-arm64ec/dlls/dwmapi/arm64ec-windows/dwmapi.dll	P2
resource	Runtime/arm64ec-windows/dwrite.dll	1114112	ee79042a9c6416dc680b5ac414aeeee110357f85e7e567dcea8cb5efaccc6a01	wine-build	build-arm64ec/dlls/dwrite/arm64ec-windows/dwrite.dll	P2
resource	Runtime/arm64ec-windows/dxgi.dll	1581056	16123d69a9fe159efba7ee7a542719ab3feaa223624bb10be8c6e9d74b3db331	dxmt-pe	arm64ec-windows/dxgi.dll	P5-dxmt-pe
resource	Runtime/arm64ec-windows/dxva2.dll	851968	724cb8323db799afe9cc290ffe4c6a5ec947b3f8bd20a970e0d7cae98fd9ad06	wine-build	build-arm64ec/dlls/dxva2/arm64ec-windows/dxva2.dll	P2
resource	Runtime/arm64ec-windows/esent.dll	655360	2b832904a8f8ff81d6cc2ec6424a592cc5a269cda5672f541112d0a78874e77e	wine-build	build-arm64ec/dlls/esent/arm64ec-windows/esent.dll	P2
resource	Runtime/arm64ec-windows/fontsub.dll	655360	ae8092f182bb8d5323430d021457372d6d0c3fb9ade89a170e09de85c7d3984d	wine-build	build-arm64ec/dlls/fontsub/arm64ec-windows/fontsub.dll	P2
resource	Runtime/arm64ec-windows/gdi32.dll	1245184	cff92b866290b8ffc57b525681efd124a9d354eed2c7db7a4eee4d3a6bdd3c41	wine-build	build-arm64ec/dlls/gdi32/arm64ec-windows/gdi32.dll	P2
resource	Runtime/arm64ec-windows/hid.dll	720896	ca9f83d7f475431cddddab03b433f482335208f1f47d332d3d81b6556da2c90f	wine-build	build-arm64ec/dlls/hid/arm64ec-windows/hid.dll	P2
resource	Runtime/arm64ec-windows/imagehlp.dll	655360	8a416a9c9c6bd278f4b504cf2013f28c7d03a42564dfabb3f089fb5bfdeeef20	wine-build	build-arm64ec/dlls/imagehlp/arm64ec-windows/imagehlp.dll	P2
resource	Runtime/arm64ec-windows/imm32.dll	720896	d542d99feedeeb1e5e0c642d1d5f48e6502900dd1875ecc708034d43c99d3be3	wine-build	build-arm64ec/dlls/imm32/arm64ec-windows/imm32.dll	P2
resource	Runtime/arm64ec-windows/iphlpapi.dll	917504	e09e55bdf63907555460299a18ff6daa3cb3baea2ba57829240d99b90a754434	wine-build	build-arm64ec/dlls/iphlpapi/arm64ec-windows/iphlpapi.dll	P2
resource	Runtime/arm64ec-windows/jsproxy.dll	851968	46e22e1a660bed6d763ab067a24de06b5ae31080b7caa50e6cebc0497cbbc309	wine-build	build-arm64ec/dlls/jsproxy/arm64ec-windows/jsproxy.dll	P2
resource	Runtime/arm64ec-windows/kernel32.dll	983040	67c994af00dad19cc83a334614db03a18339359ebb073bb39b7d0ae971934868	wine-build	build-arm64ec/dlls/kernel32/arm64ec-windows/kernel32.dll	P2
resource	Runtime/arm64ec-windows/kernelbase.dll	3604480	db33ed440b34fd36abe94f5228580efa4770bee616c6d609e78663f7f04379bc	wine-build	build-arm64ec/dlls/kernelbase/arm64ec-windows/kernelbase.dll	P2
resource	Runtime/arm64ec-windows/ktmw32.dll	655360	5ce4f2a9b5c15f3ad2acc863c104772b21845a7ff3f4d25bdf3fadcd3c5b669f	wine-build	build-arm64ec/dlls/ktmw32/arm64ec-windows/ktmw32.dll	P2
resource	Runtime/arm64ec-windows/mf.dll	1310720	aba84fc287aebb9bfc8448af73cbfd2ad89d18daf01e8c55a2bf20394a714350	wine-build	build-arm64ec/dlls/mf/arm64ec-windows/mf.dll	P2
resource	Runtime/arm64ec-windows/mfmp4srcsnk.dll	851968	c17a3bbfdea56aed86a9ca8cea4ff5339f10352e9810bb3682345f948c744d31	wine-build	build-arm64ec/dlls/mfmp4srcsnk/arm64ec-windows/mfmp4srcsnk.dll	P2
resource	Runtime/arm64ec-windows/mfplat.dll	1179648	dbdd4a341b4e5d2031526080b48cb23344b6dd7d1fc6b3456dfd1eaea4cf890a	wine-build	build-arm64ec/dlls/mfplat/arm64ec-windows/mfplat.dll	P2
resource	Runtime/arm64ec-windows/mfreadwrite.dll	851968	d6bb43c7e1a33a02f6cb8e9bab9f7f020c967d9c956b9e605958354632025481	wine-build	build-arm64ec/dlls/mfreadwrite/arm64ec-windows/mfreadwrite.dll	P2
resource	Runtime/arm64ec-windows/mfsrcsnk.dll	851968	8b1c5a5a2e67666258613358e7b3b130ac19468aecf485f4b1cb667dd9dd69f8	wine-build	build-arm64ec/dlls/mfsrcsnk/arm64ec-windows/mfsrcsnk.dll	P2
resource	Runtime/arm64ec-windows/mmdevapi.dll	851968	04a6c9a1cee07901d32b8f329268b9ddd8ecd61c5e7e1235b49c8ff6a11e4e9a	wine-build	build-arm64ec/dlls/mmdevapi/arm64ec-windows/mmdevapi.dll	P2
resource	Runtime/arm64ec-windows/mpr.dll	720896	a13c11f44c8e892bf1ac1eb76037b286ad94822a54abba996cd2089feec46b9e	wine-build	build-arm64ec/dlls/mpr/arm64ec-windows/mpr.dll	P2
resource	Runtime/arm64ec-windows/msacm32.dll	786432	79fd3f7686d3894acc697cb273fae217b235be63cd8f34b27a31d9e8d2e28214	wine-build	build-arm64ec/dlls/msacm32/arm64ec-windows/msacm32.dll	P2
resource	Runtime/arm64ec-windows/msauddecmft.dll	851968	4835f1c42f8db4e6995d35aaa6edfbd147647880030b0259a8d402978bc549db	wine-build	build-arm64ec/dlls/msauddecmft/arm64ec-windows/msauddecmft.dll	P2
resource	Runtime/arm64ec-windows/mscoree.dll	983040	6ffb56ebb2b51d334f80dade50685157dd19baefee3ece00087008f1061a548a	wine-build	build-arm64ec/dlls/mscoree/arm64ec-windows/mscoree.dll	P2
resource	Runtime/arm64ec-windows/msdmo.dll	851968	263b436b5f864128f54c7603b9a8a26684f6d954040418ff1f96438342f86814	wine-build	build-arm64ec/dlls/msdmo/arm64ec-windows/msdmo.dll	P2
resource	Runtime/arm64ec-windows/msimg32.dll	589824	9abc7fe86b9b56d5c5541158f8ec7f39297597dfe907e7b23f858803e5b8bc43	wine-build	build-arm64ec/dlls/msimg32/arm64ec-windows/msimg32.dll	P2
resource	Runtime/arm64ec-windows/msmpeg2vdec.dll	917504	69d00a0dd37e3f28b69be2864257451606ff9cbf6a098b0a4e81c624cd42a37c	wine-build	build-arm64ec/dlls/msmpeg2vdec/arm64ec-windows/msmpeg2vdec.dll	P2
resource	Runtime/arm64ec-windows/msvcp110.dll	1638400	4e1cd8635a588ffdd81b36147e627a5d875d36b866a8462e0fd49414c0041556	wine-build	build-arm64ec/dlls/msvcp110/arm64ec-windows/msvcp110.dll	P2
resource	Runtime/arm64ec-windows/msvcp120.dll	1638400	06041efbbf814523fe2d426df7159f0138ed071ff046cdb326f3897074d0d68e	wine-build	build-arm64ec/dlls/msvcp120/arm64ec-windows/msvcp120.dll	P2
resource	Runtime/arm64ec-windows/msvcp140.dll	1703936	d72161dd41183ff91533ddb450e4ba97ec2bc42cad9b0bdf09908bccffcce219	wine-build	build-arm64ec/dlls/msvcp140/arm64ec-windows/msvcp140.dll	P2
resource	Runtime/arm64ec-windows/msvcp140_1.dll	589824	16dc95542818d8d3f57e3fd339142311231a758872d371af7241f90bb61d3a6c	wine-build	build-arm64ec/dlls/msvcp140_1/arm64ec-windows/msvcp140_1.dll	P2
resource	Runtime/arm64ec-windows/msvcp140_2.dll	720896	f3a555d0568fb735adbf34223f469c52da3cb3c4322e7a85d2272821ea4b3b63	wine-build	build-arm64ec/dlls/msvcp140_2/arm64ec-windows/msvcp140_2.dll	P2
resource	Runtime/arm64ec-windows/msvcp140_atomic_wait.dll	655360	d3c1bea1e69e8bed9fb2dd569f878b53bc4631b2b8485edce058b94312759086	wine-build	build-arm64ec/dlls/msvcp140_atomic_wait/arm64ec-windows/msvcp140_atomic_wait.dll	P2
resource	Runtime/arm64ec-windows/msvcp140_codecvt_ids.dll	589824	251d453532e7fd02925aa914206eaa9d7cfcacaa8d986bcdf62f6d7eddf70c7a	wine-build	build-arm64ec/dlls/msvcp140_codecvt_ids/arm64ec-windows/msvcp140_codecvt_ids.dll	P2
resource	Runtime/arm64ec-windows/msvcr110.dll	1441792	058a7fbefe10cba97b2ede1fbbb9af1517406b901661281ded0bcdb3c3d3c624	wine-build	build-arm64ec/dlls/msvcr110/arm64ec-windows/msvcr110.dll	P2
resource	Runtime/arm64ec-windows/msvcr120.dll	1572864	1dc0cde7ff3ffdf303d076a078b549e3bc8917f8fbf48adf864c8d6d4da2e678	wine-build	build-arm64ec/dlls/msvcr120/arm64ec-windows/msvcr120.dll	P2
resource	Runtime/arm64ec-windows/msvcrt.dll	1310720	f5db6b914e3fbcd09d13e3a6264dfebfee8b087218a9af184c37f5b998bd5713	wine-build	build-arm64ec/dlls/msvcrt/arm64ec-windows/msvcrt.dll	P2
resource	Runtime/arm64ec-windows/msvfw32.dll	720896	ec3178546f7351b9697c891597a4ad5ea4d40b7b52292ecf00d69e9c4c1dddcd	wine-build	build-arm64ec/dlls/msvfw32/arm64ec-windows/msvfw32.dll	P2
resource	Runtime/arm64ec-windows/msvproc.dll	2359296	bff365e04851563a0ca38abdb53ef47ab590158fc964ccda81ecdecb9930c7a8	wine-build	build-arm64ec/dlls/msvproc/arm64ec-windows/msvproc.dll	P2
resource	Runtime/arm64ec-windows/mswsock.dll	720896	5f7eee92c2a863bcc893c45979087fc45df2ce953c7ae6e48aa337e2e80d844d	wine-build	build-arm64ec/dlls/mswsock/arm64ec-windows/mswsock.dll	P2
resource	Runtime/arm64ec-windows/ncrypt.dll	655360	7b2096d6d05d5b0ab9a1b3e992823a9748f1c18135cecc5ac9d4f6a88082dc1c	wine-build	build-arm64ec/dlls/ncrypt/arm64ec-windows/ncrypt.dll	P2
resource	Runtime/arm64ec-windows/netapi32.dll	655360	2a47aea30d0bb99ef6d4179d75c9a9ed1511deee62efd9a30c0a6f4f373a6ab4	wine-build	build-arm64ec/dlls/netapi32/arm64ec-windows/netapi32.dll	P2
resource	Runtime/arm64ec-windows/netutils.dll	655360	5b5719b32d83908999d0b67c5c06c8cb155958d829b7a5136f4c3a14dd4c0402	wine-build	build-arm64ec/dlls/netutils/arm64ec-windows/netutils.dll	P2
resource	Runtime/arm64ec-windows/nsi.dll	655360	cebcea47f7ac4e22fee979a32f5708db5e5ada2adc7bf751bf204a86da0f8870	wine-build	build-arm64ec/dlls/nsi/arm64ec-windows/nsi.dll	P2
resource	Runtime/arm64ec-windows/ntdll.dll	1572864	cfb60439eee7dee5abb80ee710ff1b4098855132757173786542999924e1e89e	wine-build	build-arm64ec/dlls/ntdll/arm64ec-windows/ntdll.dll	P2-ec
resource	Runtime/arm64ec-windows/ole32.dll	1638400	d04eeaf8532f2c4ccee5e5f14ce68fe492f724498f36628d44655d46bf7f0388	wine-build	build-arm64ec/dlls/ole32/arm64ec-windows/ole32.dll	P2
resource	Runtime/arm64ec-windows/oleacc.dll	786432	e7674c4fe93fb0d0c0c3a6510806c9966ad635eed1668acff9e2894c7b274c64	wine-build	build-arm64ec/dlls/oleacc/arm64ec-windows/oleacc.dll	P2
resource	Runtime/arm64ec-windows/oleaut32.dll	1507328	038988243a287487a56c39434904f43a962ecdf9ed1a8704d264d9f9c4c06cbf	wine-build	build-arm64ec/dlls/oleaut32/arm64ec-windows/oleaut32.dll	P2
resource	Runtime/arm64ec-windows/opengl32.dll	2490368	5298335e2e7b49331221d8a7bcc769488d77e9ee425b44cd70220526e90eb82e	wine-build	build-arm64ec/dlls/opengl32/arm64ec-windows/opengl32.dll	P2
resource	Runtime/arm64ec-windows/pdh.dll	655360	19394b756e125ef1e37d70fbdbd4331bf0779191203f4b5de81a091097483326	wine-build	build-arm64ec/dlls/pdh/arm64ec-windows/pdh.dll	P2
resource	Runtime/arm64ec-windows/powrprof.dll	589824	1ebf3ab5c98d3ec5c0450f4c09f09bb61415c5ffe109c301e34afa98f7e1cf8d	wine-build	build-arm64ec/dlls/powrprof/arm64ec-windows/powrprof.dll	P2
resource	Runtime/arm64ec-windows/propsys.dll	917504	429b3ae09f0629f15fc4442f797d05a91b4107b3e8fa8b0a42e4b0baea32889c	wine-build	build-arm64ec/dlls/propsys/arm64ec-windows/propsys.dll	P2
resource	Runtime/arm64ec-windows/psapi.dll	655360	adc9a6ed7d5d2b536ef4f19a62ba4180727682ee96fd9f4bb258dfa95931277e	wine-build	build-arm64ec/dlls/psapi/arm64ec-windows/psapi.dll	P2
resource	Runtime/arm64ec-windows/qwave.dll	655360	f19885a27252ebf1b2bc51347a58c544daf463e56b71a30085aac8bd19ce201d	wine-build	build-arm64ec/dlls/qwave/arm64ec-windows/qwave.dll	P2
resource	Runtime/arm64ec-windows/resampledmo.dll	1245184	949ba10f533c8aca2c73bfbbb2cd6f427ced5bd07fe54cc2b6c3116c2c9a4673	wine-build	build-arm64ec/dlls/resampledmo/arm64ec-windows/resampledmo.dll	P2
resource	Runtime/arm64ec-windows/rpcrt4.dll	1441792	58a2679c49e7525ee6cf9fa445fa7282ac24b2876a3b563ecd51934867a38420	wine-build	build-arm64ec/dlls/rpcrt4/arm64ec-windows/rpcrt4.dll	P2
resource	Runtime/arm64ec-windows/rsaenh.dll	851968	44c7a21f0dd5ddb76bacf1f42df0bc651fce7830cdafada2745fd06d1007c277	wine-build	build-arm64ec/dlls/rsaenh/arm64ec-windows/rsaenh.dll	P2
resource	Runtime/arm64ec-windows/rtworkq.dll	655360	689eb579fb05137270288688cfbf4e294e4b6aa7204ff32c06f8b5d45582a791	wine-build	build-arm64ec/dlls/rtworkq/arm64ec-windows/rtworkq.dll	P2
resource	Runtime/arm64ec-windows/schannel.dll	720896	59c494a1e09b9d4e58664bafe33f47b963d20aeffa15339097b9abb47f7d5942	wine-build	build-arm64ec/dlls/schannel/arm64ec-windows/schannel.dll	P2
resource	Runtime/arm64ec-windows/sechost.dll	655360	d7b6baeeaf38476c1a4b0bad9d3553968f6f9f4641def7060d5eb4441a619453	wine-build	build-arm64ec/dlls/sechost/arm64ec-windows/sechost.dll	P2
resource	Runtime/arm64ec-windows/secur32.dll	720896	9aec6afddfa3d5299b5debb3d42f5616b631c11f83cd43d85bedaf0c8a447d95	wine-build	build-arm64ec/dlls/secur32/arm64ec-windows/secur32.dll	P2
resource	Runtime/arm64ec-windows/setupapi.dll	1245184	e99e70532be4ca55b452b12b9f4410612f05decb6f519ef9ed5f0db9a9db5ef2	wine-build	build-arm64ec/dlls/setupapi/arm64ec-windows/setupapi.dll	P2
resource	Runtime/arm64ec-windows/shcore.dll	655360	97452e0f6fb19b38d2091750c4745670b93be2a72b178349318d652e32ca672d	wine-build	build-arm64ec/dlls/shcore/arm64ec-windows/shcore.dll	P2
resource	Runtime/arm64ec-windows/shell32.dll	10682368	a4ef431b446372caeae0a0dc9cc8ceecfdac32be9c76d8d6b9a8e3fcdeb3be84	wine-build	build-arm64ec/dlls/shell32/arm64ec-windows/shell32.dll	P2
resource	Runtime/arm64ec-windows/shlwapi.dll	983040	50c0e09d52a951a0744883476e0df73d160a80aec33f8ec915bd4d780fc46fd7	wine-build	build-arm64ec/dlls/shlwapi/arm64ec-windows/shlwapi.dll	P2
resource	Runtime/arm64ec-windows/ucrtbase.dll	1572864	23288b1508e8eb842f52a19da079d1556b626745d27fe09dbcc5d25a1400708b	wine-build	build-arm64ec/dlls/ucrtbase/arm64ec-windows/ucrtbase.dll	P2
resource	Runtime/arm64ec-windows/uiautomationcore.dll	1245184	ce13f8fd54a8ca3b3af6ec192f35c11eff76e893721813c43ff752dbb7e04caf	wine-build	build-arm64ec/dlls/uiautomationcore/arm64ec-windows/uiautomationcore.dll	P2
resource	Runtime/arm64ec-windows/urlmon.dll	1310720	bff3c6ae58a85fb94af093719110e49ea23885bf4a6aa4e60c26715118d9b327	wine-build	build-arm64ec/dlls/urlmon/arm64ec-windows/urlmon.dll	P2
resource	Runtime/arm64ec-windows/user32.dll	2686976	ac9eeb4430adfb4a39dbc6651145f0d05d8a253bed5cc4ee2ebbe6bce3e83f10	wine-build	build-arm64ec/dlls/user32/arm64ec-windows/user32.dll	P2
resource	Runtime/arm64ec-windows/userenv.dll	589824	755b25a4f902a99a5e1b295aed4f2d80671ee5267b4ec375eb65d6f6503164d9	wine-build	build-arm64ec/dlls/userenv/arm64ec-windows/userenv.dll	P2
resource	Runtime/arm64ec-windows/uxtheme.dll	851968	58de2916186abd8f33eb36d64a9d2a1c5a7bb2ee8b6d37bf1fb58cf76519df50	wine-build	build-arm64ec/dlls/uxtheme/arm64ec-windows/uxtheme.dll	P2
resource	Runtime/arm64ec-windows/vcomp110.dll	655360	635b7a4245358c50997d75135ebc90bb91fc4ebeebd2b15bcd17b06e5a382407	wine-build	build-arm64ec/dlls/vcomp110/arm64ec-windows/vcomp110.dll	P2
resource	Runtime/arm64ec-windows/vcruntime140.dll	655360	a07afebe22416b9ee85e8cfa126c0d3080be80e9dc46b3d9a43f30dee04e1b32	wine-build	build-arm64ec/dlls/vcruntime140/arm64ec-windows/vcruntime140.dll	P2
resource	Runtime/arm64ec-windows/vcruntime140_1.dll	720896	c5cac0ce4031c9970ca62024d43185a38ffc1dea965c58e55c4760794dc321c1	wine-build	build-arm64ec/dlls/vcruntime140_1/arm64ec-windows/vcruntime140_1.dll	P2
resource	Runtime/arm64ec-windows/version.dll	655360	43121aa643f5a074583069c60328094d9425540192863ebfbc7d027779fe34b9	wine-build	build-arm64ec/dlls/version/arm64ec-windows/version.dll	P2
resource	Runtime/arm64ec-windows/vulkan-1.dll	720896	27869d0d0f691c331bdef63015c859f3e2fcb7ab6743007b14b78a3b87739cfd	wine-build	build-arm64ec/dlls/vulkan-1/arm64ec-windows/vulkan-1.dll	P2
resource	Runtime/arm64ec-windows/wevtapi.dll	655360	1b2d24f57af1e6b24be3a507a3182b2a56108737798f441140e342e86feafdc1	wine-build	build-arm64ec/dlls/wevtapi/arm64ec-windows/wevtapi.dll	P2
resource	Runtime/arm64ec-windows/win32u.dll	983040	da188ddd54a9cde0117f749ab57de8cff6ee96c489ff84a247b64bb509a05946	wine-build	build-arm64ec/dlls/win32u/arm64ec-windows/win32u.dll	P2
resource	Runtime/arm64ec-windows/windows.gaming.input.dll	786432	0ac5b63755b571871bade2b7ab5183778dac8f569753e1e8d050398866a99272	wine-build	build-arm64ec/dlls/windows.gaming.input/arm64ec-windows/windows.gaming.input.dll	P2
resource	Runtime/arm64ec-windows/windows.ui.dll	786432	b3d12f8f527957d685aab2aa4608d71073c3982a4a7234b0d336288ee10f71a6	wine-build	build-arm64ec/dlls/windows.ui/arm64ec-windows/windows.ui.dll	P2
resource	Runtime/arm64ec-windows/windowscodecs.dll	2490368	af2bfbcfdcd59ac1e072abbd176b2a6e129975adb9aa54daff0e753876f605d7	wine-build	build-arm64ec/dlls/windowscodecs/arm64ec-windows/windowscodecs.dll	P2
resource	Runtime/arm64ec-windows/wined3d.dll	5177344	bee09a1af9fb3e94fb37e9bcf3c9350fdfb8b46c2aebba78b9614f2d8811f977	wine-build	build-arm64ec/dlls/wined3d/arm64ec-windows/wined3d.dll	P2
resource	Runtime/arm64ec-windows/winedmo.dll	589824	f5265cb7ae5c961d4395813ed1c68a37186ceeef36c33b8682b547bb662ab146	wine-build	build-arm64ec/dlls/winedmo/arm64ec-windows/winedmo.dll	P2
resource	Runtime/arm64ec-windows/winegstreamer.dll	1179648	b7ce54348867a113580f6df6a9afb576cc2ca70ac646b45254c5bedb569339cb	wine-build	build-arm64ec/dlls/winegstreamer/arm64ec-windows/winegstreamer.dll	P2
resource	Runtime/arm64ec-windows/winemetal.dll	110592	ac7b1a98bdfd511a755e714bc62a3f5313dbd22bcc4f8bf2362061e9f05df76a	dxmt-pe	arm64ec-windows/winemetal.dll	P5-dxmt-pe
resource	Runtime/arm64ec-windows/winevulkan.dll	983040	05024f584b98a71e4103a794b6fef36ee3394dbf96b13af223165d45fbcfbea4	wine-build	build-arm64ec/dlls/winevulkan/arm64ec-windows/winevulkan.dll	P2
resource	Runtime/arm64ec-windows/winhttp.dll	1048576	71e21b450c90b052b10754868b93c3f125c2d8c6121751a105040e934f982002	wine-build	build-arm64ec/dlls/winhttp/arm64ec-windows/winhttp.dll	P2
resource	Runtime/arm64ec-windows/wininet.dll	1245184	188ea1852f9df00405e76b10dd5bd3c88a722a26f672e2ce9d60610a46e53a48	wine-build	build-arm64ec/dlls/wininet/arm64ec-windows/wininet.dll	P2
resource	Runtime/arm64ec-windows/winmm.dll	1376256	354384f599460d4dc744c7c09a81cf5f3d7f14be0a5ad77d3ffa1cb6b93fd336	wine-build	build-arm64ec/dlls/winmm/arm64ec-windows/winmm.dll	P2
resource	Runtime/arm64ec-windows/winspool.drv	786432	fd3b5d5eb5eeac2eeb42d34605e4d1f9ca57580f38d27203ea19df791b4e7687	wine-build	build-arm64ec/dlls/winspool.drv/arm64ec-windows/winspool.drv	P2
resource	Runtime/arm64ec-windows/wintrust.dll	786432	f3e7d9bcdb90bc267d089e083081d04203257ccf02839c96def3ef56b065eab2	wine-build	build-arm64ec/dlls/wintrust/arm64ec-windows/wintrust.dll	P2
resource	Runtime/arm64ec-windows/winusb.dll	655360	00ab1fd7d81cfeff873f16f3afb8b73b280f51894841347f62ac18d76f2fbad3	wine-build	build-arm64ec/dlls/winusb/arm64ec-windows/winusb.dll	P2
resource	Runtime/arm64ec-windows/wlanapi.dll	655360	69069f5a3e419c865449e3c48e3c7727e1717a47eea521830727b3286d8c5c18	wine-build	build-arm64ec/dlls/wlanapi/arm64ec-windows/wlanapi.dll	P2
resource	Runtime/arm64ec-windows/ws2_32.dll	786432	c07df92fab7ec2fbf908fca3f48820c13514d0893a6c1e73cc42c3f39d8c9db2	wine-build	build-arm64ec/dlls/ws2_32/arm64ec-windows/ws2_32.dll	P2
resource	Runtime/arm64ec-windows/wsock32.dll	655360	273734c0a41652c4b8e29cd494267cf9df71428fa77f285d6c874b6f93e79fd5	wine-build	build-arm64ec/dlls/wsock32/arm64ec-windows/wsock32.dll	P2
resource	Runtime/arm64ec-windows/wtsapi32.dll	655360	07baeead8b82990e12fc4151920989a8b368b7777dfa83958920a5d3e1c084df	wine-build	build-arm64ec/dlls/wtsapi32/arm64ec-windows/wtsapi32.dll	P2
resource	Runtime/arm64ec-windows/xaudio2_7.dll	1048576	8a9fe12ae20d6ec6d397d6322e95881a9965ce010aeec70044a2f5258b237f73	wine-build	build-arm64ec/dlls/xaudio2_7/arm64ec-windows/xaudio2_7.dll	P2
resource	Runtime/arm64ec-windows/xinput1_1.dll	655360	3fd9c75c3838b617b69b6209a71a1700d6fabe48a9a4f6c213bb087a6e6dc479	wine-build	build-arm64ec/dlls/xinput1_1/arm64ec-windows/xinput1_1.dll	P2
resource	Runtime/arm64ec-windows/xinput1_2.dll	655360	5dba9126987f2742777e63af4b58f72ca3b10dca48f328a9f036426156617432	wine-build	build-arm64ec/dlls/xinput1_2/arm64ec-windows/xinput1_2.dll	P2
resource	Runtime/arm64ec-windows/xinput1_3.dll	655360	7b95cf1ccf978b4c5dff744064295396bcecde9a18902449d2a1cc30088978eb	wine-build	build-arm64ec/dlls/xinput1_3/arm64ec-windows/xinput1_3.dll	P2
resource	Runtime/arm64ec-windows/xinput1_4.dll	720896	7d5f7350238a2a5bce401c9d06126b406fd793b115831faf11c027cd47c8b42e	wine-build	build-arm64ec/dlls/xinput1_4/arm64ec-windows/xinput1_4.dll	P2
resource	Runtime/arm64ec-windows/xinput9_1_0.dll	655360	45e614763443d977fe70fd917abc8d64c3386b39fd5e158819286c1c09ee1cd1	wine-build	build-arm64ec/dlls/xinput9_1_0/arm64ec-windows/xinput9_1_0.dll	P2
resource	Runtime/arm64ec-windows/xtajit64.dll	5362688	d69ddba4e4eeeab46bc1f0063decde5c65ca47b64f7bd1fa1ca4678e04581bc9	fex	libarm64ecfex.dll	P1-de
resource	Runtime/aarch64-windows/actxprxy.dll	786432	03761f8a13e28edd51c9b5bfb8119682a7b0f51c2c4b50464498117a1e9a6157	wine-build	build-macos/dlls/actxprxy/aarch64-windows/actxprxy.dll	P2
resource	Runtime/aarch64-windows/advapi32.dll	786432	6587145ce55d10dca54cf89ca77324006213885af25fd3638041addab7a0ff1c	wine-build	build-macos/dlls/advapi32/aarch64-windows/advapi32.dll	P2
resource	Runtime/aarch64-windows/apisetschema.dll	196608	678533718e811293367b8d82374d7dee3673cdf25f179e06d0152011425d0d19	wine-build	build-macos/dlls/apisetschema/aarch64-windows/apisetschema.dll	P2
resource	Runtime/aarch64-windows/authz.dll	458752	e9ed274f84116ae15ac7c4cce2e00b594066eef5c8171b3bc6f744cfca6e6054	wine-build	build-macos/dlls/authz/aarch64-windows/authz.dll	P2
resource	Runtime/aarch64-windows/avrt.dll	458752	64af6670332379064a1fe8ba6838c396844761a8e4954f841d827b94a2652ce6	wine-build	build-macos/dlls/avrt/aarch64-windows/avrt.dll	P2
resource	Runtime/aarch64-windows/bcrypt.dll	786432	18eb37a7fd1dd050398efcd6c5fa498b3f59547883eca0b10d291ea948b22690	wine-build	build-macos/dlls/bcrypt/aarch64-windows/bcrypt.dll	P2
resource	Runtime/aarch64-windows/bcryptprimitives.dll	458752	bbd438fbc77d4c9f1786d4d36498944deed5f1ae090064a9bdbf9a7cf7675b4d	wine-build	build-macos/dlls/bcryptprimitives/aarch64-windows/bcryptprimitives.dll	P2
resource	Runtime/aarch64-windows/cfgmgr32.dll	589824	95430d36d5a7baf5ffb2c462e0d7238dc45a59927c2fd912eaf9ee217a7e94e4	wine-build	build-macos/dlls/cfgmgr32/aarch64-windows/cfgmgr32.dll	P2
resource	Runtime/aarch64-windows/clock.exe	393216	2b235be87847aea4f32c49da10a42a82d82ec12eea499a73de9c87d5eb87a811	wine-build	build-macos/programs/clock/aarch64-windows/clock.exe	P2
resource	Runtime/aarch64-windows/cmd.exe	1376256	5a04170eb3d8de857d5837ea101d6c08d01f8e346f91ec0fe35e2dadf76d9e98	wine-build	build-macos/programs/cmd/aarch64-windows/cmd.exe	P2
resource	Runtime/aarch64-windows/combase.dll	851968	6dbdfbae7f20eb7842c3dcb1fd3be62cf70fec2cda8f5adbc3f4de57a77dc131	wine-build	build-macos/dlls/combase/aarch64-windows/combase.dll	P2
resource	Runtime/aarch64-windows/comctl32.dll	1835008	1c8ea355614546c48f3af4402c793e13e241a464622ea69cc1e8f0f702b327b5	wine-build	build-macos/dlls/comctl32/aarch64-windows/comctl32.dll	P2
resource	Runtime/aarch64-windows/comdlg32.dll	1572864	896e2e65530799145592f5bb173c41afcdef1bc94a94cb5d6189682e755179db	wine-build	build-macos/dlls/comdlg32/aarch64-windows/comdlg32.dll	P2
resource	Runtime/aarch64-windows/coml2.dll	524288	1a5d4cb841c8fe60a613216a41e2ffa633050f08bf60bae6a6eaee188bd3f741	wine-build	build-macos/dlls/coml2/aarch64-windows/coml2.dll	P2
resource	Runtime/aarch64-windows/compstui.dll	524288	d2ddc1f7fafbf469b0280603a39615330610620ef9c39846ea03774f468d7859	wine-build	build-macos/dlls/compstui/aarch64-windows/compstui.dll	P2
resource	Runtime/aarch64-windows/concrt140.dll	589824	1f7362a06634ca3f18b80bbcfa1443ab0791336e972b4e0269678b17017d96ad	wine-build	build-macos/dlls/concrt140/aarch64-windows/concrt140.dll	P2
resource	Runtime/aarch64-windows/conhost.exe	655360	5dc789290b5d7618d5ebc8e2ccdab4904264b5d1d43b18ef72c9d0c6453c7590	wine-build	build-macos/programs/conhost/aarch64-windows/conhost.exe	P2
resource	Runtime/aarch64-windows/credui.dll	589824	6a6531186d581b07f7e7353b80457bda3450434470c4997bbcb07a678d7f9d32	wine-build	build-macos/dlls/credui/aarch64-windows/credui.dll	P2
resource	Runtime/aarch64-windows/crypt32.dll	1310720	d41686d9ccf120b2e6dd57131fd8a4ad7dc8a75aa46a765df3e1af48b256672b	wine-build	build-macos/dlls/crypt32/aarch64-windows/crypt32.dll	P2
resource	Runtime/aarch64-windows/cryptbase.dll	458752	4f98f12580b4c2c4199a7c21240ad7b00b4c752d217676760f199346dee900ca	wine-build	build-macos/dlls/cryptbase/aarch64-windows/cryptbase.dll	P2
resource	Runtime/aarch64-windows/cryptnet.dll	458752	0299e2de518dca59976fd9796ca2f24c444a756e8b07a6bc147e7e8a8132d0be	wine-build	build-macos/dlls/cryptnet/aarch64-windows/cryptnet.dll	P2
resource	Runtime/aarch64-windows/cryptui.dll	1638400	bc30b9d46bac88c92445812d57bf721c204b15698f1402ca0aa4a6b822792d93	wine-build	build-macos/dlls/cryptui/aarch64-windows/cryptui.dll	P2
resource	Runtime/aarch64-windows/d3d10core.dll	524288	32bf8bba1b6806e3bed99e2db9255db4ffe54265bb6f7a8ad116a9b735c072b8	wine-build	build-macos/dlls/d3d10core/aarch64-windows/d3d10core.dll	P2
resource	Runtime/aarch64-windows/d3d11.dll	4612096	dc900f8c3d014cd7c594cd8e3fa8c7ef587201055c6553d51f88b53779b54243	dxmt-pe	aarch64-windows/d3d11.dll	P5-dxmt-pe
resource	Runtime/aarch64-windows/d3d12.dll	589824	5060591366fa822b89932c17bd79eec1a7f94dd0fdde5b1e4561007dbe2ea330	wine-build	build-macos/dlls/d3d12/aarch64-windows/d3d12.dll	P2
resource	Runtime/aarch64-windows/d3d9.dll	655360	2cf5ed73f6e1dfe2e06b8bcbae0b228434aec7624b012a6027a3dbd5cb79ca3b	wine-build	build-macos/dlls/d3d9/aarch64-windows/d3d9.dll	P2
resource	Runtime/aarch64-windows/dbghelp.dll	1048576	8b5dc7ac1c652387ede79a68ef7f5d1d13570c9c0f57825d0fc2015a10af1305	wine-build	build-macos/dlls/dbghelp/aarch64-windows/dbghelp.dll	P2
resource	Runtime/aarch64-windows/dhcpcsvc.dll	458752	be387d3e2a9432a220b658c1d49ebd3679247ce42491be08092687a75a58e229	wine-build	build-macos/dlls/dhcpcsvc/aarch64-windows/dhcpcsvc.dll	P2
resource	Runtime/aarch64-windows/dinput8.dll	851968	47bb3ba2a6dbb278141a453e604e78683ee05d4bc6f7d0543caf2f1e6823f1cd	wine-build	build-macos/dlls/dinput8/aarch64-windows/dinput8.dll	P2
resource	Runtime/aarch64-windows/dnsapi.dll	524288	85fd7d14aca8fc3ddae5f4bb898f6542207287b9cf4c7cabf279231d72bc5123	wine-build	build-macos/dlls/dnsapi/aarch64-windows/dnsapi.dll	P2
resource	Runtime/aarch64-windows/dsound.dll	917504	38ffb8ece0df16bddc10742c5e0936ddc5fb1e2d493703f2f956edf30fedefef	wine-build	build-macos/dlls/dsound/aarch64-windows/dsound.dll	P2
resource	Runtime/aarch64-windows/dssenh.dll	589824	4d29248beb02a1547d13b2abb7e19b0b89e78fae8eae09ef36baac4c8a5be231	wine-build	build-macos/dlls/dssenh/aarch64-windows/dssenh.dll	P2
resource	Runtime/aarch64-windows/dwmapi.dll	524288	a3aaa7fbbc90643073d223b902a030782899d103fad1c639694d542e463e3412	wine-build	build-macos/dlls/dwmapi/aarch64-windows/dwmapi.dll	P2
resource	Runtime/aarch64-windows/dwrite.dll	917504	495fb817cfa9f8e59f2220f0c21d3cd87dc5d6e14a7fb8b462b1edc3c592f190	wine-build	build-macos/dlls/dwrite/aarch64-windows/dwrite.dll	P2
resource	Runtime/aarch64-windows/dxgi.dll	1372160	958c324fa5486bc79b0c3f598e8e2c92ccb4de1d0468314023a3651ed989562c	dxmt-pe	aarch64-windows/dxgi.dll	P5-dxmt-pe
resource	Runtime/aarch64-windows/esent.dll	458752	cdc8c17ab8954f81deb0f8ddf2d07bc3f23b7dfa855ae88f2900cb20c6ce0e9d	wine-build	build-macos/dlls/esent/aarch64-windows/esent.dll	P2
resource	Runtime/aarch64-windows/explorer.exe	589824	5ba43adc343d9d12199eb9c79952ccebde9b0fcfa0875b954e8e584f6be611e2	wine-build	build-macos/programs/explorer/aarch64-windows/explorer.exe	P2
resource	Runtime/aarch64-windows/fontsub.dll	458752	472e814ae702bdcb85601c0d5a756aa57e57179df064f92ae4a8821182cc67ce	wine-build	build-macos/dlls/fontsub/aarch64-windows/fontsub.dll	P2
resource	Runtime/aarch64-windows/gdi32.dll	1048576	b40b4c8e41ae9dc944f3700a0b5b761c13ad72d09880483eec97bf5e28381945	wine-build	build-macos/dlls/gdi32/aarch64-windows/gdi32.dll	P2
resource	Runtime/aarch64-windows/hid.dll	524288	04e3f1e1affba4d6b06c2501f6f9cc4d575785cd154060140ecb24b4aa408855	wine-build	build-macos/dlls/hid/aarch64-windows/hid.dll	P2
resource	Runtime/aarch64-windows/ieframe.dll	1048576	1d55a892e69fc7c72d0220089e5f18c472deef7dd9d5d13830e7f2d33f7aaf05	wine-build	build-macos/dlls/ieframe/aarch64-windows/ieframe.dll	P2
resource	Runtime/aarch64-windows/iexplore.exe	589824	e40a7354f2bac1fb3f46ac85bfc2f6c19ab3fd308f41ece007476c096699e9a5	wine-build	build-macos/programs/iexplore/aarch64-windows/iexplore.exe	P2
resource	Runtime/aarch64-windows/imagehlp.dll	458752	c90219797a79fd935ace1c0e256182fa3e25d8426976fe5c0acfda6abac436b7	wine-build	build-macos/dlls/imagehlp/aarch64-windows/imagehlp.dll	P2
resource	Runtime/aarch64-windows/imm32.dll	524288	157756a99272ac8088b86bd37bbb6adeb0cd797574f32e956fe97b6e53622193	wine-build	build-macos/dlls/imm32/aarch64-windows/imm32.dll	P2
resource	Runtime/aarch64-windows/iphlpapi.dll	720896	0d554ad2079f25e790c844b924db8efd37b0bbb380ee3443a15ae6deb533105c	wine-build	build-macos/dlls/iphlpapi/aarch64-windows/iphlpapi.dll	P2
resource	Runtime/aarch64-windows/jscript.dll	1179648	e56f3ae83585b1d97eb23843c31e2a9a4897fbfe2de019a0b648b323dc048533	wine-build	build-macos/dlls/jscript/aarch64-windows/jscript.dll	P2
resource	Runtime/aarch64-windows/jsproxy.dll	589824	10dce568e86510b21859246e9eceee7c6309e7e242572e58777f9d9fc6186e1c	wine-build	build-macos/dlls/jsproxy/aarch64-windows/jsproxy.dll	P2
resource	Runtime/aarch64-windows/kernel32.dll	851968	fe3e8decb3a4dc4ae893f29ab86f6e4e247fff39f754fccc8c4db135b5754068	wine-build	build-macos/dlls/kernel32/aarch64-windows/kernel32.dll	P2
resource	Runtime/aarch64-windows/kernelbase.dll	3538944	2549d2301d774ddb67b240ac9a8aec08b3aaf06faf942cf70e34e92f66fb6c94	wine-build	build-macos/dlls/kernelbase/aarch64-windows/kernelbase.dll	P2
resource	Runtime/aarch64-windows/mf.dll	1114112	c0ecf0b4953c60f613db25392f6ad9bd3f28ad87032eabcba52a42f3aeded216	wine-build	build-macos/dlls/mf/aarch64-windows/mf.dll	P2
resource	Runtime/aarch64-windows/mfplat.dll	851968	acc7ebebe9bfbd82a9d3606ad231ca8d37023d2ccdf4f6ac51641669dfb9b865	wine-build	build-macos/dlls/mfplat/aarch64-windows/mfplat.dll	P2
resource	Runtime/aarch64-windows/mfreadwrite.dll	720896	775f2e5c894b8d50543550e7aeee4edacc5c4ed127310e28d3310516dbc0e64a	wine-build	build-macos/dlls/mfreadwrite/aarch64-windows/mfreadwrite.dll	P2
resource	Runtime/aarch64-windows/mmdevapi.dll	655360	61860799c232d597be9fd07d1188ab45258fb07ef464a53dfcc5ef45b8c1ea09	wine-build	build-macos/dlls/mmdevapi/aarch64-windows/mmdevapi.dll	P2
resource	Runtime/aarch64-windows/mpr.dll	524288	f487631815076d57749aa83788fece968effe6b4d24413f7a1244cb195f62ead	wine-build	build-macos/dlls/mpr/aarch64-windows/mpr.dll	P2
resource	Runtime/aarch64-windows/msacm32.dll	524288	976a62728af80e9a658bca222bccde51c4797ef02ea4f1e50fda12658c07abec	wine-build	build-macos/dlls/msacm32/aarch64-windows/msacm32.dll	P2
resource	Runtime/aarch64-windows/msdmo.dll	589824	de6f4678b52fb07045a2b9456e3fd3c56c50f07326e7426dae192182d3459654	wine-build	build-macos/dlls/msdmo/aarch64-windows/msdmo.dll	P2
resource	Runtime/aarch64-windows/mshtml.dll	2818048	9841a18e9ae5c8f7fb3d17559ee1a041aacef3d6b2c29b262fe620dd4608ab23	wine-build	build-macos/dlls/mshtml/aarch64-windows/mshtml.dll	P2
resource	Runtime/aarch64-windows/msimg32.dll	458752	7af68e93813e32dee423ab5d00de9724f97825e1168a1e54bba278c99ddd09b0	wine-build	build-macos/dlls/msimg32/aarch64-windows/msimg32.dll	P2
resource	Runtime/aarch64-windows/msvcp140.dll	1507328	ca47a245ada1ea73dd40d7745c6cf52158cd524a3fd6bdab059cf346edcbbc90	wine-build	build-macos/dlls/msvcp140/aarch64-windows/msvcp140.dll	P2
resource	Runtime/aarch64-windows/msvcp140_1.dll	458752	362af06c0d61d894c1f96934b8271db199f5ae17188a294d65c66bfe2febddad	wine-build	build-macos/dlls/msvcp140_1/aarch64-windows/msvcp140_1.dll	P2
resource	Runtime/aarch64-windows/msvcp140_2.dll	524288	4f3f451dbd73513f438b2907b0339d49e6484aa3412cd5e145d29cf058a1118f	wine-build	build-macos/dlls/msvcp140_2/aarch64-windows/msvcp140_2.dll	P2
resource	Runtime/aarch64-windows/msvcp140_atomic_wait.dll	458752	f58c36c65aa7071112356fdaa1640bc75c2ce54a8e799724e4f9461433d5cd42	wine-build	build-macos/dlls/msvcp140_atomic_wait/aarch64-windows/msvcp140_atomic_wait.dll	P2
resource	Runtime/aarch64-windows/msvcp140_codecvt_ids.dll	327680	0db937e14430e817b09106f8ea382f14c47cf5c7801f2ed8f702b4126f742e1c	wine-build	build-macos/dlls/msvcp140_codecvt_ids/aarch64-windows/msvcp140_codecvt_ids.dll	P2
resource	Runtime/aarch64-windows/msvcr120.dll	1507328	2c6fb6fc5cafcd56b9a8e34302947312f0b16b482afde790d6e46a956b626c88	wine-build	build-macos/dlls/msvcr120/aarch64-windows/msvcr120.dll	P2
resource	Runtime/aarch64-windows/msvcrt.dll	1179648	67296d665d5ba7b90ae2e81fa80003576610fca3c6ff607a90a62e0159b8e718	wine-build	build-macos/dlls/msvcrt/aarch64-windows/msvcrt.dll	P2
resource	Runtime/aarch64-windows/mswsock.dll	524288	c7146e81e134e3bf99c35d9e07973c48763d00ef0b72ad35a038414debc8644b	wine-build	build-macos/dlls/mswsock/aarch64-windows/mswsock.dll	P2
resource	Runtime/aarch64-windows/ncrypt.dll	458752	bd0b215d31e22aff347f97d564f6dc5410c2d3676859121d5dddd2daa4d0bb67	wine-build	build-macos/dlls/ncrypt/aarch64-windows/ncrypt.dll	P2
resource	Runtime/aarch64-windows/netapi32.dll	524288	301a266806712ffbdced45fb1c7fba70a16e6c1c2f1ae3a85bc07a74c067fdc4	wine-build	build-macos/dlls/netapi32/aarch64-windows/netapi32.dll	P2
resource	Runtime/aarch64-windows/netutils.dll	458752	e13ead2ca8184b242ede34eb6471d67a4265030b2fe88ca0cf5613848dd6bec8	wine-build	build-macos/dlls/netutils/aarch64-windows/netutils.dll	P2
resource	Runtime/aarch64-windows/newdev.dll	458752	b8bf2e7f3ef9c0f9705d1d01488a45e64e9b2382018cffeca672103df344bcb0	wine-build	build-macos/dlls/newdev/aarch64-windows/newdev.dll	P2
resource	Runtime/aarch64-windows/notepad.exe	655360	d7060614f57459ce3539b21f1f5a3549bce740f82aa68e6557c9d0cd93dde7f2	wine-build	build-macos/programs/notepad/aarch64-windows/notepad.exe	P2
resource	Runtime/aarch64-windows/nsi.dll	458752	9686c061f9661764997e3d760abdc447c6af1b424f58953e16aff9e3c55861eb	wine-build	build-macos/dlls/nsi/aarch64-windows/nsi.dll	P2
resource	Runtime/aarch64-windows/ntdll.dll	1376256	e29ae0b7632ec0635e356c2ab695387aecbc15503845cc833b43391d5b1b2931	wine-build	build-macos/dlls/ntdll/aarch64-windows/ntdll.dll	P2
resource	Runtime/aarch64-windows/ntoskrnl.exe	1048576	780bf8f9c9e6988c20149589c604af7eb07b9b0953fed541d1014c3fc3249ad9	wine-build	build-macos/dlls/ntoskrnl.exe/aarch64-windows/ntoskrnl.exe	P2
resource	Runtime/aarch64-windows/ole32.dll	1310720	cc3c8bc17d5ee6b1da72b127c94360596873718926742f3e09b0c4e086389e05	wine-build	build-macos/dlls/ole32/aarch64-windows/ole32.dll	P2
resource	Runtime/aarch64-windows/oleacc.dll	589824	5fbb460a255e84d78e6db763e62e31cc2d30609fbdbbf261a33e2cba1f951c79	wine-build	build-macos/dlls/oleacc/aarch64-windows/oleacc.dll	P2
resource	Runtime/aarch64-windows/oleaut32.dll	1310720	226319efa756200d2d91acb9d4122878cf0968c1b11383afd8cd019aa0775e68	wine-build	build-macos/dlls/oleaut32/aarch64-windows/oleaut32.dll	P2
resource	Runtime/aarch64-windows/opengl32.dll	2228224	3ba5c4bbe4ab20ae976b5267acc7068c7725178707859981006cc9512ab6e7dc	wine-build	build-macos/dlls/opengl32/aarch64-windows/opengl32.dll	P2
resource	Runtime/aarch64-windows/pdh.dll	458752	654415e8e09d120b54281ae5acb6c38deb2d578c8b506ef50e765cb7d8d26e75	wine-build	build-macos/dlls/pdh/aarch64-windows/pdh.dll	P2
resource	Runtime/aarch64-windows/powrprof.dll	458752	b5276edbb0e72daed89aad8b6995df8af3fe2f5076dd002c6dd9677a6cdf20ad	wine-build	build-macos/dlls/powrprof/aarch64-windows/powrprof.dll	P2
resource	Runtime/aarch64-windows/propsys.dll	720896	9713b4b6351d5c830cb67159646ae9938798d8681b1128f7f17df23464e68613	wine-build	build-macos/dlls/propsys/aarch64-windows/propsys.dll	P2
resource	Runtime/aarch64-windows/psapi.dll	524288	8fb4ff37a20433f5e10026373c89b0984be286038e634d3133a65cb43bf59b6e	wine-build	build-macos/dlls/psapi/aarch64-windows/psapi.dll	P2
resource	Runtime/aarch64-windows/regedit.exe	1114112	b25f7a4300b2551996a4a6b88e4b6d07b43c8e015a18e55f6f070080f5818c91	wine-build	build-macos/programs/regedit/aarch64-windows/regedit.exe	P2
resource	Runtime/aarch64-windows/rpcrt4.dll	1245184	ad8d7d32e434da17032f9ce9f84a4f81144a9ec69d382948d88cd851a3908951	wine-build	build-macos/dlls/rpcrt4/aarch64-windows/rpcrt4.dll	P2
resource	Runtime/aarch64-windows/rpcss.exe	458752	1add71878160e1df984b70d045b301e11c035b46f4000bf8dd9354b551e7d370	wine-build	build-macos/programs/rpcss/aarch64-windows/rpcss.exe	P2
resource	Runtime/aarch64-windows/rsaenh.dll	655360	f2c4f289ff7a8c74b70acfb898e9bc4e99e327645fc95e8a6c60a3ccf84b0449	wine-build	build-macos/dlls/rsaenh/aarch64-windows/rsaenh.dll	P2
resource	Runtime/aarch64-windows/rtworkq.dll	458752	08b08d16ebceb0b203135f03ecea1d33ffd6ba937729e652c9ef8feaa1931853	wine-build	build-macos/dlls/rtworkq/aarch64-windows/rtworkq.dll	P2
resource	Runtime/aarch64-windows/schannel.dll	524288	29fa821a4c927fa4ac5596df89f0b8af1ceeff4a76f1e1b5181f7d3b995abd3b	wine-build	build-macos/dlls/schannel/aarch64-windows/schannel.dll	P2
resource	Runtime/aarch64-windows/sechost.dll	458752	82acc18ac840e4c4d7f0eb1042035f61c55b6048135c03d2c0059cfcf00d9ccc	wine-build	build-macos/dlls/sechost/aarch64-windows/sechost.dll	P2
resource	Runtime/aarch64-windows/secur32.dll	524288	96da8003532a2aaed36f9e303c99037089b63e32e64e82ad2ecefb3f4d4cbfc2	wine-build	build-macos/dlls/secur32/aarch64-windows/secur32.dll	P2
resource	Runtime/aarch64-windows/services.exe	458752	cae3188939c4c5825fb7dc0581179d9db90baf1c64bbf9af8e0e5ca2ae528968	wine-build	build-macos/programs/services/aarch64-windows/services.exe	P2
resource	Runtime/aarch64-windows/setupapi.dll	1048576	3c43d4c7069f1d1bb34534498b00f5bfcf7a278e715927e3acc114cfccd675b5	wine-build	build-macos/dlls/setupapi/aarch64-windows/setupapi.dll	P2
resource	Runtime/aarch64-windows/shcore.dll	458752	175c9fceafb8cfa9c5fed8c121a3137774d87e305381a1caae1e887ebc16ba04	wine-build	build-macos/dlls/shcore/aarch64-windows/shcore.dll	P2
resource	Runtime/aarch64-windows/shell32.dll	10420224	5119fa241fd8b38459842b274a48a9b37e4ec9d93eedce920598658ba003d787	wine-build	build-macos/dlls/shell32/aarch64-windows/shell32.dll	P2
resource	Runtime/aarch64-windows/shlwapi.dll	851968	c6e607512427b736fbf81eb620630ad202946317afc065eb0d1cbcdca164866a	wine-build	build-macos/dlls/shlwapi/aarch64-windows/shlwapi.dll	P2
resource	Runtime/aarch64-windows/start.exe	589824	630e008c484e6ca8153583495756aa2de3b56837087ef3a3882c683363f6a3be	wine-build	build-macos/programs/start/aarch64-windows/start.exe	P2
resource	Runtime/aarch64-windows/taskmgr.exe	1048576	c8d102bc96d3dc1eedeb31442257fb4e45b989b813951bba243ec51790880159	wine-build	build-macos/programs/taskmgr/aarch64-windows/taskmgr.exe	P2
resource	Runtime/aarch64-windows/ucrtbase.dll	1507328	c5e89861e38760b10e77edf052d95f001e1068f70727424bd6d3cfbc2bff9512	wine-build	build-macos/dlls/ucrtbase/aarch64-windows/ucrtbase.dll	P2
resource	Runtime/aarch64-windows/uiautomationcore.dll	1048576	2932cf0559bb6565fe8715561d7a8178080b7b62ceb668c7f780348eaa821b1a	wine-build	build-macos/dlls/uiautomationcore/aarch64-windows/uiautomationcore.dll	P2
resource	Runtime/aarch64-windows/urlmon.dll	983040	4ce4ea9a20676d1e38a2e5084b4330654a3abf1254b1950012400d7c1cfd40fb	wine-build	build-macos/dlls/urlmon/aarch64-windows/urlmon.dll	P2
resource	Runtime/aarch64-windows/user32.dll	2490368	41d6713de95654b1fb2378543b9cf51e05d36f61c022e6eea745b4ffe47802a1	wine-build	build-macos/dlls/user32/aarch64-windows/user32.dll	P2
resource	Runtime/aarch64-windows/userenv.dll	458752	8b426c74cbce52b2a6dce44700c8c38dc0cf516c17e24388dd081670a79bea69	wine-build	build-macos/dlls/userenv/aarch64-windows/userenv.dll	P2
resource	Runtime/aarch64-windows/uxtheme.dll	655360	7461da736085c336ff3c6f18c779f0f715373571bbd8a5691e1bc400f6cb5825	wine-build	build-macos/dlls/uxtheme/aarch64-windows/uxtheme.dll	P2
resource	Runtime/aarch64-windows/vbscript.dll	983040	134878db804d7b60826c6da1cedf137fda166b528babab90eef714789d4f77f6	wine-build	build-macos/dlls/vbscript/aarch64-windows/vbscript.dll	P2
resource	Runtime/aarch64-windows/vcruntime140.dll	458752	b0e9a1c01bf0126f6ee3eac96929ba29865e445926d41abc5a0ba0c2b6bd0b06	wine-build	build-macos/dlls/vcruntime140/aarch64-windows/vcruntime140.dll	P2
resource	Runtime/aarch64-windows/version.dll	524288	dcda84f1ebad4b474c6b7c8a27451f4236413439a1c1c499a38832373fd79a1c	wine-build	build-macos/dlls/version/aarch64-windows/version.dll	P2
resource	Runtime/aarch64-windows/wevtapi.dll	458752	a3c4c9bf239f3bf26b1a89877ddf2a95492a82102e09995292f073aaa34a6b10	wine-build	build-macos/dlls/wevtapi/aarch64-windows/wevtapi.dll	P2
resource	Runtime/aarch64-windows/win32u.dll	786432	05777f79e70136144f58d58304ae9e595f985afc8eba86794818fb328126d4d7	wine-build	build-macos/dlls/win32u/aarch64-windows/win32u.dll	P2
resource	Runtime/aarch64-windows/windows.gaming.input.dll	655360	eea78c7ff124bef0b7c2bd2910ed1a45f5d60d61ac14291a3cb02cf80ff6a350	wine-build	build-macos/dlls/windows.gaming.input/aarch64-windows/windows.gaming.input.dll	P2
resource	Runtime/aarch64-windows/windows.ui.dll	589824	54f25fb1640464b5f9d073cfa271c43dcab09dfae9267ef3ebdb1d0db42bbf68	wine-build	build-macos/dlls/windows.ui/aarch64-windows/windows.ui.dll	P2
resource	Runtime/aarch64-windows/windowscodecs.dll	2162688	2280cb8c6f38d161ec5f83a37489ac1991c6031b102ae28795d3433217109b0c	wine-build	build-macos/dlls/windowscodecs/aarch64-windows/windowscodecs.dll	P2
resource	Runtime/aarch64-windows/wineboot.exe	720896	24bff17a5ed98259655dca838f6c4ad3b3947d2ca4f734d4856c508bf2becb42	wine-build	build-macos/programs/wineboot/aarch64-windows/wineboot.exe	P2
resource	Runtime/aarch64-windows/winecfg.exe	1376256	9d0dedcbb3c5e0d41d7dc1e014654eaf5057e502568a1f7a2fac6cee358116ce	wine-build	build-macos/programs/winecfg/aarch64-windows/winecfg.exe	P2
resource	Runtime/aarch64-windows/wined3d.dll	4653056	461de7df0e705e477e0c453e1d44c6f089d7f73cede59d2e5dd475ffbdead42a	wine-build	build-macos/dlls/wined3d/aarch64-windows/wined3d.dll	P2
resource	Runtime/aarch64-windows/winemetal.dll	69632	cd5cc6223a7c00ad2ce216926bd41da0edb5c33233b9e7cfeb1038e4cbf892bd	dxmt-pe	aarch64-windows/winemetal.dll	P5-dxmt-pe
resource	Runtime/aarch64-windows/winemine.exe	655360	5aab219fa604609a2daae58561b8377e89b2c044944b028b460ba9faacf5bb4d	wine-build	build-macos/programs/winemine/aarch64-windows/winemine.exe	P2
resource	Runtime/aarch64-windows/winhttp.dll	851968	c6daccd92e3c50990a70b0b67047dac52d7ecebeb5100a5156058c64fe67fe42	wine-build	build-macos/dlls/winhttp/aarch64-windows/winhttp.dll	P2
resource	Runtime/aarch64-windows/wininet.dll	1048576	2ec918f3a217eb2022ddecd79fdd1320831296aecbfdbb9942240a19425a73a7	wine-build	build-macos/dlls/wininet/aarch64-windows/wininet.dll	P2
resource	Runtime/aarch64-windows/winmm.dll	1179648	61c2d732ab8c9ca1f63c167c25ec51e56a5fcfa29ed996773653c5e6f289173a	wine-build	build-macos/dlls/winmm/aarch64-windows/winmm.dll	P2
resource	Runtime/aarch64-windows/wintrust.dll	589824	bdd142d70017556b28fd66c4450416888c7702b004bc935dd34df82532962191	wine-build	build-macos/dlls/wintrust/aarch64-windows/wintrust.dll	P2
resource	Runtime/aarch64-windows/winusb.dll	458752	9176d4d428f18144bf403b716fe787646e59eef9ee86bbb6fb0e2346daf540ec	wine-build	build-macos/dlls/winusb/aarch64-windows/winusb.dll	P2
resource	Runtime/aarch64-windows/wlanapi.dll	458752	084d52fd07207841b3f23beedd5bbc1c50c01f7719978e3d860aef3721fa324f	wine-build	build-macos/dlls/wlanapi/aarch64-windows/wlanapi.dll	P2
resource	Runtime/aarch64-windows/ws2_32.dll	589824	b251a58223d0ce6fb9109b01342890eda9253267acc242ef7e5053aa0f51bfbd	wine-build	build-macos/dlls/ws2_32/aarch64-windows/ws2_32.dll	P2
resource	Runtime/aarch64-windows/wsock32.dll	524288	9329d1286b1be6b9686f12fa0460aa8313b858145bd2cd21124e8bd505aa92f8	wine-build	build-macos/dlls/wsock32/aarch64-windows/wsock32.dll	P2
resource	Runtime/aarch64-windows/wtsapi32.dll	458752	827ed29ab59e85397a510c51f6c44cb7004ee2acb0f373462475b59cf896d883	wine-build	build-macos/dlls/wtsapi32/aarch64-windows/wtsapi32.dll	P2
resource	Runtime/vulkan/arm64ec-windows/d3d8.dll	1830912	652ee9d114fe7684a02d44e0a8662705f04080071273413e3dc75cbdf5bad36c	vulkan-pe	arm64ec-windows/d3d8.dll	P6-vulkan-pe
resource	Runtime/vulkan/arm64ec-windows/d3d9.dll	7397376	d9cda9e0b0deba0b87f58b15639fe54d875417f25916597f11681d2f3c259a38	vulkan-pe	arm64ec-windows/d3d9.dll	P6-vulkan-pe
resource	Runtime/vulkan/arm64ec-windows/d3d10core.dll	430080	bd784fc0f7da1724374bdeeb14a771eb5101938c6c23a3e893b5b8c316a0c6fd	vulkan-pe	arm64ec-windows/d3d10core.dll	P6-vulkan-pe
resource	Runtime/vulkan/arm64ec-windows/d3d11.dll	8343552	a5ccf55370b90dca02f69710432a814eb46755724013f8548d975684c68a08d9	vulkan-pe	arm64ec-windows/d3d11.dll	P6-vulkan-pe
resource	Runtime/vulkan/arm64ec-windows/dxgi.dll	5509120	3eceb576e42ab2ecc2e599a2b1bfcc4da74a43a2253adf47f9fdbcc22fecea89	vulkan-pe	arm64ec-windows/dxgi.dll	P6-vulkan-pe
resource	Runtime/vulkan/arm64ec-windows/d3d12.dll	196608	36e1555ac92da8faa7c28d63008693b601ff34d364860e58891dacfe4e7a1b34	vulkan-pe	arm64ec-windows/d3d12.dll	P6-vulkan-pe
resource	Runtime/vulkan/arm64ec-windows/d3d12core.dll	6340608	aac684cecb314bfa8e7d61e8745c47adac9a0fc4a318c3ac1579bb45043b6ea3	vulkan-pe	arm64ec-windows/d3d12core.dll	P6-vulkan-pe
resource	Runtime/steamapi/x86_64-windows/steam_api64.dll	8348672	a001578d1f41a34f8a180f70a83f7d792f0df7b0110fbff0888e1d7dae4a80d2	steamapi	x86_64-windows/steam_api64.dll	P8-steamapi
resource	Runtime/steamapi/i386-windows/steam_api.dll	8663040	599666b7bd21122ec25b8309693f1c3f3b0e89b7a3299c02a625dbd1f33d1832	steamapi	i386-windows/steam_api.dll	P8-steamapi
resource	Runtime/arm64ec-windows/playport-session.exe	18944	911b219564c65f507c5c8e68393709f56e9b281ab6765914479495cb88821126	session	playport-session.exe	P9-session
resource	Runtime/nls/c_1252.nls	66082	e2634ee32da7977d762d2d45be2053309ee718572a7d8bb0034180dc1b0b6b76	unix	wine/nls/c_1252.nls	nls
resource	Runtime/nls/c_20127.nls	66082	951a19ce0d3c785d12ea94cb28ce5c2c096d302e35b3fb3e8b35248a006435ba	unix	wine/nls/c_20127.nls	nls
resource	Runtime/nls/c_28591.nls	66082	aa52cf173808f65b117f0d7af574c11dde85133cccde306ccc57b5de50961b5c	unix	wine/nls/c_28591.nls	nls
resource	Runtime/nls/c_437.nls	66594	04d741575060dfcd57d8650f70e65db154944bae95e8dfbe058fadee639e21d0	unix	wine/nls/c_437.nls	nls
resource	Runtime/nls/l_intl.nls	5564	ad190cb85aa387d3d92a9d97ff254e20bf982a2ea9c11c2cad651ba0f8d20584	unix	wine/nls/l_intl.nls	nls
resource	Runtime/nls/locale.nls	794914	868e5d3a3f115c2649706f566f9741aa3e2c6927c10b3f07d5e4c76b0e403115	unix	wine/nls/locale.nls	nls
resource	Runtime/nls/normidna.nls	86468	20f509da75ef30a8d63c2552f53db72e54755b957c8f7d3482a0700a9594b2d8	unix	wine/nls/normidna.nls	nls
resource	Runtime/nls/normnfc.nls	60194	d89888aee9e19d046d3d13aa5d385b81e86655285ce04cb7d4e6cb27132b7c0a	unix	wine/nls/normnfc.nls	nls
resource	Runtime/nls/normnfd.nls	53246	8ce157d53161fc977214c1789797b752d67032e0c6d5072a8b3a1922829d8796	unix	wine/nls/normnfd.nls	nls
resource	Runtime/nls/normnfkc.nls	82910	5c98603c5a571a12e024bfaaff5526775026aac6b829c5a5f3fbff89f8e13a2a	unix	wine/nls/normnfkc.nls	nls
resource	Runtime/nls/normnfkd.nls	76294	da1a3cd3b79d995a0ea0298d842e7e49be71bb88b068bc5408bcf35b000a5d85	unix	wine/nls/normnfkd.nls	nls
resource	Runtime/nls/sortdefault.nls	3394804	93577599d1b0335d6b2b3560d2bc6bf3681193daae2a32b28cbd2612bc2b1d09	unix	wine/nls/sortdefault.nls	nls
resource	Runtime/registry/system.reg	482589	a7243a86a08786bdaba078d1f79bd55db7234cccf95249c0421f5729da9bb35b	registry	system.reg	P7-reg
resource	Runtime/registry/user.reg	1599	e534357e8ae05068ac00258faf0b3e6086f77c1170b502a9fd46b59052c9ebd6	registry	user.reg	P7-reg
link	lib/libntdll_unix.a	2749176	0225b8a748313e19e212dca043796445f5db13edaad4477e63a8c902cbe098fc	unix	mythic/app/Madeira/libntdll_unix.a	P3
link	lib/libwin32u_unix.a	4764752	f54113cf66a757c2c0326537c00fdeeb73d3889d119ea1a99f2e41c4e0b873c2	unix	mythic/app/Madeira/libwin32u_unix.a	P4-win32u
link	lib/libwineserver.a	1205616	21d5d3e1bccc25770c2b4dee0698acbe56d43f49d8d0ad847179a6d0dc6b2a38	unix	mythic/app/Madeira/libwineserver.a	P4-server
link	lib/libgnutls.a	3603280	e9fb697d624bb63d1c89e8569f1a8e0e69e576175407853bf34a6279fa1673b3	unix	mythic/toolchains/gnutls-ios/lib/libgnutls.a	P4-crypto
link	lib/libhogweed.a	1105792	247e869163901151301d2ff3c930a68c3742fbbb263a33b8bc10a98dfbd65b9f	unix	mythic/toolchains/gnutls-ios/lib/libhogweed.a	P4-crypto
link	lib/libnettle.a	1705864	ff2ecf070899ab728cf21dc13bb9463fdf5a79775a34c5f87e7d861fed2d9543	unix	mythic/toolchains/gnutls-ios/lib/libnettle.a	P4-crypto
link	lib/libgmp.a	876096	d33a5b441d28a2e7a9847ada52032dba69d30063aa4e66a3d83e14bbb2ffd08b	unix	mythic/toolchains/gnutls-ios/lib/libgmp.a	P4-crypto
link	lib/libdxmt_combined.a	115503432	4ab91049a3a93f03129cd200828397fbd0cb81e4135463e0c9daa101104baadb	dxmt	libdxmt_combined.a	P5-dxmt
link	lib/libwinegstreamer_unix.a	47458384	01ac411c12fb9c3cb02e7d605cf8a720fe24f31347973fd4b7f54f770479954a	unix	gstreamer/libwinegstreamer_unix.a	P6-gst
link	lib/libidevice_ffi.a	6698688	104c3bbc9e9fe2f674d2d34cd81fe1d6ddaee0c43c2b503d2872fe648ff6ba0a	idevice	libidevice_ffi.a	P10-idevice
source	WinIOS/Winios.m	66281	e8b35307a8e34928582f46d13eed31eff10850c4205f89e6fed443dfdbfcf6a2	unix	mythic/app/Madeira/Winios/Winios.m	P5-winios
source	WinIOS/include/Winios.h	3356	6d99fe3b4ce537bef3e6feecb01cde78fd899b801772e63e652470c9b67fe001	unix	mythic/app/Madeira/Winios/Winios.h	P5-winios
source	WinIOS/WiniosGamepad.c	1458	dce042c25dfe9530f9575053c7a1d9d1fbcfe893ca84b8a76adbc0c4eda5200c	unix	mythic/app/Madeira/Winios/WiniosGamepad.c	P5-winios
source	WinIOS/include/WiniosGamepad.h	815	df095974b73bd60f3b21cafea09252f8242da24f0cf374b1936c683c07184ea6	unix	mythic/app/Madeira/Winios/WiniosGamepad.h	P5-winios
source	WinIOS/IOSDisplayShim.m	7994	5949d006f6c8c0022a8625c1f71183762007549be9eceae3c5b707796a97712c	unix	mythic/app/Madeira/IOSDisplayShim.m	P5-dxshim
source	WinIOS/include/IOSDisplayShim.h	811	bc201615f9f858f8085acae1aa48034804ce6a706896a101a1c209bc3647f1f4	unix	mythic/app/Madeira/IOSDisplayShim.h	P5-dxshim
gap	Runtime/arm64ec-windows/wineios.drv	-	-	-	resource	Madeira build/wineios-drv/wineios.c has no build recipe at the Madeira pin, and the wine-port tree's dlls/wineios.drv is not in its configure, so stages/wine-pe.sh does not build it; audio does not need it: mmdevapi loads winepulse.drv by name and virtual_ios.c answers with the linked audio_null_ios table
gap	Runtime/prefix-template.tar.gz	-	-	-	resource	reference seeds the whole prefix from an untracked-recipe template; the app seeds only the builtins' own registrations (Runtime/registry, P7-reg), so the rest of wine.inf (fonts, services, file associations) is not applied
